Topic,Count,Name,keywords
0,44091,0_rain_weather_raining_sun,"rain, weather, raining, sun, sunny, outside, rainy, sunshine, hot, cold"
1,17960,1_song_music_album_listening,"song, music, album, listening, songs, cd, blip, fm, listen, sing"
2,15871,2_twitter_tweet_tweets_tweeting,"twitter, tweet, tweets, tweeting, welcome, retweet, tweeted, twittering, follow, your"
3,14239,3_money_card_bank_pay,"money, card, bank, pay, ebay, credit, cash, cards, bills, buy"
4,8829,4_hair_haircut_cut_blonde,"hair, haircut, cut, blonde, dye, shave, bangs, salon, beard, curly"
5,8560,5_thank_thanks_welcome_following,"thank, thanks, welcome, following, pleasure, thankyou, appreciate, follow, you, re"
6,8054,6_exams_exam_study_studying,"exams, exam, study, studying, test, tests, final, luck, tomorrow, english"
7,7950,7_weekend_monday_friday_mondays,"weekend, monday, friday, mondays, sunday, weekends, saturday, sundays, week, saturdays"
8,7526,8_agree_know_yes_nope,"agree, know, yes, nope, yeah, agreed, lol, hey, true, yep"
9,6739,9_pic_pics_photos_pictures,"pic, pics, photos, pictures, picture, photo, photography, photoshoot, photographer, profile"
10,6445,10_dog_puppy_dogs_vet,"dog, puppy, dogs, vet, puppies, pup, doggie, doggy, pet, pets"
11,6407,11_miss_missed_you_too,"miss, missed, you, too, missing, guys, misses, we, already, much"
12,6394,12_twitter_tweet_twittering_tweeting,"twitter, tweet, twittering, tweeting, tweets, figure, use, trying, understand, twitters"
13,6364,13_goodnight_twitter_tweet_twitters,"goodnight, twitter, tweet, twitters, tweeters, tweets, tweeps, morning, twitterland, twitterverse"
14,6246,14_video_youtube_videos_vid,"video, youtube, videos, vid, vids, stream, ly, watch, upload, uploading"
15,6232,15_work_shift_working_busy,"work, shift, working, busy, ready, off, shifts, hours, productive, tomorrow"
16,5827,16_laptop_computer_windows_vista,"laptop, computer, windows, vista, pc, dell, linux, drive, ubuntu, monitor"
17,5711,17_dress_wear_jeans_clothes,"dress, wear, jeans, clothes, pants, shorts, fashion, wearing, dresses, outfit"
18,5536,18_followers_follower_follow_following,"followers, follower, follow, following, 000, lost, 100, people, more, new"
19,5343,19_london_uk_england_manchester,"london, uk, england, manchester, glasgow, leeds, scotland, edinburgh, liverpool, newcastle"
20,5042,20_book_books_read_reading,"book, books, read, reading, chapter, novel, chapters, bookstore, finished, amazon"
21,4884,21_heart_friends_love_boyfriend,"heart, friends, love, boyfriend, friend, hate, him, he, people, broken"
22,4572,22_alex_kyle_josh_jess,"alex, kyle, josh, jess, emily, sarah, katie, ashley, rachel, jessica"
23,4527,23_de_que_eu_½i,"de, que, eu, ½i, cï, ½n, lï, ng, en, mï"
24,4502,24_sick_ill_feeling_being,"sick, ill, feeling, being, feel, sickness, bed, hate, getting, home"
25,4367,25_church_jesus_god_bible,"church, jesus, god, bible, pastor, worship, sermon, faith, service, christian"
26,4274,26_sleep_awake_asleep_sleeping,"sleep, awake, asleep, sleeping, nap, bed, slept, tired, wake, sleepy"
27,4263,27_airport_flight_plane_flying,"airport, flight, plane, flying, fly, delayed, flights, safe, boarding, planes"
28,4255,28_drink_drunk_beer_drinking,"drink, drunk, beer, drinking, alcohol, drinks, sober, vodka, beers, drank"
29,4105,29_school_summer_schools_tomorrow,"school, summer, schools, tomorrow, days, last, starts, high, left, day"
30,4072,30_cat_kitty_cats_kitten,"cat, kitty, cats, kitten, kittens, vet, kitties, poor, she, her"
31,4053,31_gym_workout_abs_exercise,"gym, workout, abs, exercise, fitness, pilates, p90x, cardio, trainer, weights"
32,3719,32_pool_swimming_swim_water,"pool, swimming, swim, water, pools, poolside, swimmin, swam, party, by"
33,3703,33_internet_wifi_connection_wireless,"internet, wifi, connection, wireless, broadband, router, comcast, modem, slow, network"
34,3575,34_birthday_happy_bday_belated,"birthday, happy, bday, belated, wishes, birthdays, hope, your, present, wish"
35,3556,35_day_today_worst_bad,"day, today, worst, bad, having, beautiful, better, good, yesterday, tomorrow"
36,3529,36_blog_blogspot_blogs_blogging,"blog, blogspot, blogs, blogging, blogger, post, wordpress, bloggers, comment, posts"
37,3509,37_na_ko_sa_ang,"na, ko, sa, ang, ng, ako, lang, di, plurk, gw"
38,3444,38_coffee_caffeine_cup_drinking,"coffee, caffeine, cup, drinking, morning, espresso, cups, drink, machine, need"
39,3439,39_graduation_graduating_grad_graduated,"graduation, graduating, grad, graduated, graduate, senior, seniors, party, congrats, graduates"
40,3436,40_tummy_stomach_ache_hurts,"tummy, stomach, ache, hurts, belly, heartburn, pains, stomachache, ate, stomache"
41,3420,41_car_cars_truck_bmw,"car, cars, truck, bmw, accident, ford, towed, audi, mustang, fixed"
42,3418,42_baseball_softball_game_sox,"baseball, softball, game, sox, cubs, yankees, dodgers, mets, giants, phillies"
43,3361,43_cute_twitpic_adorable_look,"cute, twitpic, adorable, look, sexy, gorgeous, hot, com, looks, beautiful"
44,3332,44_shower_bath_showered_tub,"shower, bath, showered, tub, water, showering, hot, showers, take, bubble"
45,3279,45_green_pink_color_blue,"green, pink, color, blue, black, white, purple, red, orange, colors"
46,3267,46_miss_missing_him_misses,"miss, missing, him, misses, boyfriend, friends, friend, bff, missin, much"
47,3244,47_headache_headaches_worst_massive,"headache, headaches, worst, massive, major, away, killer, woke, terrible, bad"
48,3234,48_dance_dancing_recital_ballet,"dance, dancing, recital, ballet, dancer, danced, dances, dancers, tango, class"
49,3205,49_weekend_sunday_monday_friday,"weekend, sunday, monday, friday, saturday, thursday, tuesday, hope, great, wednesday"
50,3186,50_facebook_myspace_fb_add,"facebook, myspace, fb, add, www, page, profile, account, url, friends"
51,3146,51_goodnight_bed_night_sleep,"goodnight, bed, night, sleep, dreams, everyone, nighty, going, bedtime, sweet"
52,2998,52_cake_cupcakes_cupcake_cheesecake,"cake, cupcakes, cupcake, cheesecake, cakes, baking, bake, chocolate, baked, factory"
53,2977,53_meeting_wish_there_come,"meeting, wish, there, come, meet, where, could, go, wanna, coming"
54,2950,54_doctor_hospital_doctors_surgery,"doctor, hospital, doctors, surgery, appointment, dr, drugs, doc, appt, meds"
55,2917,55_dream_dreams_nightmare_nightmares,"dream, dreams, nightmare, nightmares, woke, dreamt, had, dreaming, dreamed, last"
56,2914,56_concert_tour_concerts_gig,"concert, tour, concerts, gig, touring, venue, band, jb, tickets, go"
57,2898,57_art_painting_paint_drawing,"art, painting, paint, drawing, draw, poster, wall, posters, painted, artwork"
58,2877,58_sydney_australia_melbourne_perth,"sydney, australia, melbourne, perth, nz, aussie, brisbane, zealand, adelaide, canberra"
59,2779,59_maths_math_exam_algebra,"maths, math, exam, algebra, test, calculator, calculus, homework, revision, final"
60,2773,60_sucks_hear_sorry_awful,"sucks, hear, sorry, awful, suck, that, bummer, terrible, aww, horrible"
61,2724,61_camera_cam_lens_webcam,"camera, cam, lens, webcam, canon, cameras, nikon, lenses, digital, zoom"
62,2681,62_phone_cell_phones_new,"phone, cell, phones, new, lost, cellphone, dead, broke, broken, dying"
63,2648,63_followfriday_thanks_thank_mention,"followfriday, thanks, thank, mention, follow, shout, recommendation, followfridays, recommendations, ff"
64,2631,64_beach_ocean_beaches_sand,"beach, ocean, beaches, sand, shore, go, the, waves, seaside, leaving"
65,2618,65_sleep_insomnia_asleep_fall,"sleep, insomnia, asleep, fall, awake, tired, sleeping, hours, cant, slept"
66,2554,66_morning_good_everyone_afternoon,"morning, good, everyone, afternoon, world, beautiful, day, everybody, all, goood"
67,2551,67_mac_macbook_pro_imac,"mac, macbook, pro, imac, macs, pc, leopard, apple, mbp, os"
68,2506,68_win_contest_prize_bet,"win, contest, prize, bet, won, winner, giveaway, ½25, winners, competition"
69,2504,69_follow_following_followed_followin,"follow, following, followed, followin, me, hey, you, please, follows, people"
70,2389,70_bike_ride_bikes_riding,"bike, ride, bikes, riding, biking, cycling, motorcycle, bicycle, rode, rides"
71,2383,71_wedding_weddings_married_bridal,"wedding, weddings, married, bridal, bride, reception, ceremony, groom, invitations, engagement"
72,2378,72_hungry_eat_starving_food,"hungry, eat, starving, food, eaten, eating, lunch, dinner, hunger, ate"
73,2371,73_sims_sims3_sim_play,"sims, sims3, sim, play, playing, sims2, computer, laptop, installing, game"
74,2363,74_shoes_shoe_heels_boots,"shoes, shoe, heels, boots, socks, pair, sandals, sneakers, wear, pairs"
75,2363,75_vote_voted_voting_votes,"vote, voted, voting, votes, mileycyrus, votetom, ly, tomfelton, pmvry, bit"
76,2273,76_cleaning_clean_room_cleaned,"cleaning, clean, room, cleaned, tidy, house, messy, tidying, cleaner, mess"
77,2249,77_ice_cream_icecream_eating,"ice, cream, icecream, eating, cone, vanilla, chocolate, sundae, eat, truck"
78,2225,78_brazil_argentina_chile_tommcfly,"brazil, argentina, chile, tommcfly, rio, brazilian, peru, paulo, jonasbrothers, come"
79,2217,79_love_you_loves_lt,"love, you, loves, lt, too, vewy, loved, babe, youu, anymore"
80,2216,80_shopping_mall_walmart_shop,"shopping, mall, walmart, shop, store, mart, grocery, wal, shoppin, spree"
81,2203,81_ipod_touch_pod_nano,"ipod, touch, pod, nano, ipods, shuffle, music, charge, battery, dead"
82,2191,82_school_class_teacher_classes,"school, class, teacher, classes, teachers, teaching, students, schools, student, grade"
83,2181,83_busy_work_working_workin,"busy, work, working, workin, at, stuck, been, tomorrow, worked, still"
84,2181,84_movie_film_movies_seen,"movie, film, movies, seen, watch, films, scene, loved, cinema, saw"
85,2158,85_fathers_father_dad_daddy,"fathers, father, dad, daddy, dads, day, happy, mom, mommy, miss"
86,2152,86_hangover_hungover_hangovers_hilarious,"hangover, hungover, hangovers, hilarious, movie, funny, see, funniest, saw, night"
87,2112,87_wake_early_sleep_awake,"wake, early, sleep, awake, woke, waking, 30, up, 5am, 6am"
88,2107,88_fun_exciting_excited_sounds,"fun, exciting, excited, sounds, wait, excitement, forward, have, yeah, yay"
89,2100,89_miley_mileycyrus_cyrus_mileymonday,"miley, mileycyrus, cyrus, mileymonday, mandy, fan, trace, love, mandyyjirouxx, fans"
90,2071,90_sunburn_sunburnt_sunburned_sunscreen,"sunburn, sunburnt, sunburned, sunscreen, sun, burnt, burn, sunburns, hurts, ouch"
91,2036,91_throat_sore_hurts_sick,"throat, sore, hurts, sick, killing, throats, soar, nose, swallow, feels"
92,2033,92_hugs_hug_huggles_give,"hugs, hug, huggles, give, sorry, big, sending, virtual, hugged, aww"
93,2026,93_mothers_mother_happy_moms,"mothers, mother, happy, moms, mom, day, mommy, mommies, mama, momma"
94,1924,94_tickets_ticket_sold_ticketmaster,"tickets, ticket, sold, ticketmaster, buy, sale, seats, bought, booked, markhoppus"
95,1921,95_works_tried_worked_try,"works, tried, worked, try, working, fixed, fix, problem, work, doesn"
96,1920,96_cook_hungry_food_eat,"cook, hungry, food, eat, cooking, chef, eating, ate, meal, feed"
97,1918,97_bbq_grill_barbecue_grilling,"bbq, grill, barbecue, grilling, bbqs, weather, bbqing, having, family, food"
98,1893,98_apartment_moving_rent_house,"apartment, moving, rent, house, move, apt, lease, estate, landlord, houses"
99,1890,99_summer_summertime_summers_vacation,"summer, summertime, summers, vacation, spring, break, boring, wait, bored, enjoying"
100,1879,100_better_hope_feel_soon,"better, hope, feel, soon, feeling, sorry, re, you, hear, aww"
101,1878,101_age_old_older_young,"age, old, older, young, 18, 21, younger, 22, 19, 16"
102,1875,102_tweetdeck_deck_iphone_groups,"tweetdeck, deck, iphone, groups, columns, tweet, app, crashing, use, tray"
103,1864,103_twitter_phone_app_twitterfon,"twitter, phone, app, twitterfon, mobile, iphone, tweets, updates, update, tweet"
104,1839,104_movie_movies_watch_film,"movie, movies, watch, film, cinema, watching, watched, cry, cried, watchin"
105,1817,105_eyes_eye_swollen_open,"eyes, eye, swollen, open, puffy, hurt, blind, eyelids, hurts, pink"
106,1813,106_funny_laugh_joke_laughing,"funny, laugh, joke, laughing, jokes, humor, hilarious, laughed, humour, sense"
107,1805,107_lakers_kobe_nba_finals,"lakers, kobe, nba, finals, game, win, lebron, magic, orlando, cavs"
108,1801,108_party_partying_parties_slumber,"party, partying, parties, slumber, tonight, night, farewell, invited, partyy, house"
109,1771,109_dentist_tooth_teeth_toothache,"dentist, tooth, teeth, toothache, dentists, dental, appointment, pain, ache, hurt"
110,1762,110_sad_depressing_makes_sadness,"sad, depressing, makes, sadness, tragic, face, thats, very, that, saddest"
111,1738,111_pens_hockey_wings_penguins,"pens, hockey, wings, penguins, canucks, stanley, game, nhl, redwings, red"
112,1737,112_upload_picture_pic_flickr,"upload, picture, pic, flickr, profile, uploading, pictures, photos, pics, photo"
113,1736,113_guitar_hero_bass_play,"guitar, hero, bass, play, guitars, playing, strings, string, learn, acoustic"
114,1723,114_mtv_awards_movie_watch,"mtv, awards, movie, watch, watching, oscar, award, tonight, cable, wait"
115,1711,115_bored_boredom_nothing_entertain,"bored, boredom, nothing, entertain, boredd, im, do, boredddd, something, boreddd"
116,1693,116_feet_foot_toe_hurt,"feet, foot, toe, hurt, heels, hurts, toes, shoes, sore, killing"
117,1682,117_shirt_shirts_tshirt_threadless,"shirt, shirts, tshirt, threadless, tee, tshirts, wearing, tees, wear, bought"
118,1650,118_tea_cup_green_drinking,"tea, cup, green, drinking, iced, teas, chai, drink, bubble, milk"
119,1641,119_homework_homeworks_doing_do,"homework, homeworks, doing, do, school, finish, done, homeworkk, finished, tired"
120,1605,120_canada_toronto_montreal_vancouver,"canada, toronto, montreal, vancouver, canadian, ottawa, ontario, calgary, canadians, quebec"
121,1603,121_interview_interviews_job_interviewed,"interview, interviews, job, interviewed, interviewing, luck, an, nervous, went, questions"
122,1585,122_dallas_texas_austin_houston,"dallas, texas, austin, houston, tx, antonio, san, texan, paso, in"
123,1543,123_weight_fat_pounds_lbs,"weight, fat, pounds, lbs, skinny, gained, lose, gain, weigh, fatty"
124,1529,124_bird_birds_nest_pigeon,"bird, birds, nest, pigeon, chirping, window, flew, birdie, pigeons, birdies"
125,1528,125_trek_star_spock_kirk,"trek, star, spock, kirk, startrek, imax, movie, trekkie, shrek, see"
126,1528,126_send_one_sent_want,"send, one, sent, want, them, some, any, mine, get, have"
127,1521,127_iran_iranelection_iranian_tehran,"iran, iranelection, iranian, tehran, neda, iranians, change_for_iran, green, election, persiankiwi"
128,1512,128_moon_trailer_new_november,"moon, trailer, new, november, wait, full, watched, trailor, preview, excited"
129,1510,129_mom_mother_mum_mothers,"mom, mother, mum, mothers, mama, happy, moms, momma, day, mommy"
130,1508,130_spam_blocked_block_spammers,"spam, blocked, block, spammers, blocking, bot, porn, bots, spammer, spamming"
131,1504,131_school_tired_class_sick,"school, tired, class, sick, bed, tomorrow, sleep, morning, go, woke"
132,1480,132_home_homesick_go_wanna,"home, homesick, go, wanna, finally, homee, heading, back, want, stay"
133,1471,133_pizza_hut_pizzas_dominos,"pizza, hut, pizzas, dominos, domino, eat, oven, ordered, eating, dominoes"
134,1466,134_ddlovato_demi_reply_please,"ddlovato, demi, reply, please, 6g3tt, twitpic, ddlovatofans101, hi, love, 6np19"
135,1452,135_packing_pack_unpacking_packed,"packing, pack, unpacking, packed, boxes, unpack, moving, stuff, move, suitcase"
136,1448,136_twitpic_com_http_view,"twitpic, com, http, view, this, these, twitgoo, miss, them, bored"
137,1445,137_tan_tanning_tanned_pale,"tan, tanning, tanned, pale, sun, pool, skin, fake, lines, tanner"
138,1444,138_nails_nail_polish_pedi,"nails, nail, polish, pedi, pedicure, painted, mani, painting, manicure, paint"
139,1411,139_bracelet_ring_necklace_earrings,"bracelet, ring, necklace, earrings, jewelry, rings, bracelets, beads, jewellery, diamond"
140,1395,140_show_shows_amazing_great,"show, shows, amazing, great, loved, watch, glad, wossy, your, chattyman"
141,1394,141_cold_colds_sick_summer,"cold, colds, sick, summer, caught, à², feeling, coming, feel, à³"
142,1387,142_smoke_smoking_weeds_hookah,"smoke, smoking, weeds, hookah, cigarette, cigarettes, weed, cigs, cig, quit"
143,1376,143_fish_fishing_fishy_goldfish,"fish, fishing, fishy, goldfish, died, tank, aquarium, fishies, fishes, caught"
144,1360,144_france_air_plane_flight,"france, air, plane, flight, 447, families, passengers, atlantic, crash, 228"
145,1341,145_vegas_las_happens_waking,"vegas, las, happens, waking, trip, in, vegasbill, leaving, vinny_vegas, fun"
146,1321,146_pray_prayers_praying_prayer,"pray, prayers, praying, prayer, family, please, hospital, thoughts, god, prayed"
147,1317,147_swine_flu_swineflu_cases,"swine, flu, swineflu, cases, pigs, pig, confirmed, h1n1, sick, flue"
148,1290,148_twilight_reading_read_saga,"twilight, reading, read, saga, book, books, watching, series, watch, twilighters"
149,1287,149_job_jobs_resume_applied,"job, jobs, resume, applied, hunting, applying, applications, layoffs, unemployed, hiring"
150,1285,150_domain_website_hosting_site,"domain, website, hosting, site, server, domains, load, web, host, godaddy"
151,1272,151_glasses_sunglasses_contacts_pair,"glasses, sunglasses, contacts, pair, lenses, wear, ray, wearing, bans, eye"
152,1259,152_firefox_chrome_safari_ie,"firefox, chrome, safari, ie, browser, ie6, tabs, ie8, google, explorer"
153,1234,153_run_running_miles_ran,"run, running, miles, ran, jog, jogging, mile, 5k, runner, national"
154,1231,154_lunch_dinner_break_lunchtime,"lunch, dinner, break, lunchtime, eat, eating, time, supper, having, work"
155,1229,155_morning_good_afternoon_theladyisugly,"morning, good, afternoon, theladyisugly, evening, pdurham, sir, mornings, nebaby, hey"
157,1227,157_blackberry_curve_bold_trackball,"blackberry, curve, bold, trackball, blackberrys, 8900, iphone, phone, storm, messenger"
156,1227,156_chocolate_chocolates_eating_craving,"chocolate, chocolates, eating, craving, hot, choc, eat, dark, mousse, bar"
158,1207,158_nadal_federer_rafa_wimbledon,"nadal, federer, rafa, wimbledon, roger, french, garros, roland, open, soderling"
160,1206,160_plurk_says_com_http,"plurk, says, com, http, plurking, phplurk, asks, bye, wonders, plurkers"
159,1206,159_cali_san_california_diego,"cali, san, california, diego, ca, francisco, fran, sf, sacramento, cal"
161,1201,161_donniewahlberg_donnie_ddub_twug,"donniewahlberg, donnie, ddub, twug, donnieklang, donniedoll, facetime, wahlberg, twugs, ya"
162,1192,162_gay_lesbian_gays_straight,"gay, lesbian, gays, straight, homo, marriage, davey, lesbians, queer, lesbiancafe"
163,1189,163_lawn_grass_garden_yard,"lawn, grass, garden, yard, mow, mowing, gardening, mower, cut, mowed"
164,1172,164_link_links_page_url,"link, links, page, url, doesn, 404, broken, working, site, work"
165,1153,165_party_partying_parties_partyin,"party, partying, parties, partyin, invited, come, pooper, fun, missed, partywithneha"
166,1147,166_hurts_back_pain_killing,"hurts, back, pain, killing, lower, hurt, sore, backache, hurting, spine"
167,1138,167_ear_ears_infection_ringing,"ear, ears, infection, ringing, earache, earplugs, earring, infections, ache, deaf"
169,1137,169_wii_mario_fit_kart,"wii, mario, fit, kart, nintendo, zelda, playing, play, games, metroid"
168,1137,168_radio_station_listen_stations,"radio, station, listen, stations, fm, listening, xm, ether_radio, sirius, fusebox"
170,1133,170_smell_smells_perfume_candles,"smell, smells, perfume, candles, smelly, smelling, candle, scent, deodorant, smelled"
171,1113,171_camp_camping_tent_camper,"camp, camping, tent, camper, campers, scouts, scout, tents, camps, youth"
172,1113,172_disney_disneyland_mickey_channel,"disney, disneyland, mickey, channel, mouse, disneyworld, walt, world, minnie, disneydean"
173,1110,173_how_hey_are_hi,"how, hey, are, hi, hows, hello, doing, doin, you, hun"
174,1099,174_invite_invited_invites_invitation,"invite, invited, invites, invitation, inviting, playspymaster, wasn, wasnt, didn, an"
175,1098,175_hannah_montana_movie_montanna,"hannah, montana, movie, montanna, mileycyrus, hanna, miley, watching, season, hannahs"
176,1095,176_shaundiviney_shaun_andyclemmensen_bradie,"shaundiviney, shaun, andyclemmensen, bradie, bradiewebb, shaunjumpnow, brad, andy, bradiewebbstack, shaunmichaelb"
177,1094,177_soccer_football_game_lost,"soccer, football, game, lost, madden, team, score, played, match, goal"
178,1089,178_phone_phones_text_cell,"phone, phones, text, cell, died, call, number, texts, sorry, your"
179,1077,179_tattoo_tattoos_tat_miss_tattoo,"tattoo, tattoos, tat, miss_tattoo, tattooed, tats, tatt, tatoo, tatted, henna"
180,1077,180_read_reading_writing_story,"read, reading, writing, story, write, stories, writer, writechat, writers, written"
182,1075,182_ireland_dublin_irish_belfast,"ireland, dublin, irish, belfast, cork, galway, paddy, dublins98dave, northern, weather"
181,1075,181_cookies_cookie_chip_dough,"cookies, cookie, chip, dough, baking, chocolate, bake, choc, coli, baked"
183,1073,183_iphone_os_jailbreak_update,"iphone, os, jailbreak, update, software, apple, activation, os3, 17th, upgrade"
184,1072,184_french_france_exam_oral,"french, france, exam, oral, test, speak, francais, frenchiep, learn, speaking"
185,1071,185_iphone_iphones_an_new,"iphone, iphones, an, new, apple, want, phone, afford, buy, touch"
187,1065,187_sushi_eat_lunch_craving,"sushi, eat, lunch, craving, wasabi, dinner, eating, yummy, yum, ate"
186,1065,186_charger_battery_charge_phone,"charger, battery, charge, phone, batteries, charging, dead, laptop, low, charged"
188,1061,188_feeling_feel_feelin_shit,"feeling, feel, feelin, shit, well, feels, good, crap, not, dont"
189,1059,189_f1_silverstone_vettel_prix,"f1, silverstone, vettel, prix, jenson, ferrari, race, button, gp, hamilton"
190,1045,190_head_hurts_explode_pounding,"head, hurts, explode, pounding, hurting, sore, killing, headach, feels, heads"
191,1038,191_germany_berlin_munich_german,"germany, berlin, munich, german, hamburg, frankfurt, germans, ashleytisdale, greetings, poland"
192,1036,192_kate_jon_divorce_plus,"kate, jon, divorce, plus, kids, sad, divorced, john, gosselin, divorcing"
193,1034,193_italy_italian_rome_venice,"italy, italian, rome, venice, florence, milan, italylogue, italia, italians, roman"
194,1015,194_sick_better_feel_sickness,"sick, better, feel, sickness, being, sorry, hope, ill, feeling, soon"
195,1008,195_nick_joe_selenagomez_selena,"nick, joe, selenagomez, selena, jonasbrothers, jonas, nicks, joes, sel, love"
196,1006,196_revision_revise_revising_revisions,"revision, revise, revising, revisions, done, bothered, doing, revised, start, bored"
197,998,197_singapore_bali_indonesia_malaysia,"singapore, bali, indonesia, malaysia, jakarta, hk, hong, kong, penang, indonesian"
198,983,198_wine_glass_wines_tasting,"wine, glass, wines, tasting, bottle, red, drinking, drink, winery, bottles"
199,979,199_chelsea_everton_rugby_arsenal,"chelsea, everton, rugby, arsenal, fa, utd, cup, united, facup, lately"
200,979,200_episode_season_episodes_series,"episode, season, episodes, series, finale, seasons, watched, show, watch, ep"
201,968,201_tv_cable_sky_channel,"tv, cable, sky, channel, channels, dvr, hd, directv, satellite, watch"
202,967,202_burger_fries_mcdonalds_burgers,"burger, fries, mcdonalds, burgers, mcdonald, cheeseburger, hamburger, french, king, eating"
203,961,203_mood_moods_moody_bad,"mood, moods, moody, bad, swings, such, in, good, not, moodswings"
204,959,204_cavs_lebron_celtics_mavs,"cavs, lebron, celtics, mavs, game, cavaliers, nba, lost, finals, bron"
205,949,205_prom_date_proms_senior,"prom, date, proms, senior, fun, was, amazing, queen, after, night"
206,945,206_poker_casino_bingo_flop,"poker, casino, bingo, flop, gambling, wsop, flush, playing, blackjack, gamble"
207,944,207_japan_korean_asian_japanese,"japan, korean, asian, japanese, tokyo, korea, asians, koreans, seoul, osaka"
208,941,208_days_counting_weeks_till,"days, counting, weeks, till, countdown, until, til, months, month, more"
209,939,209_congratulations_congrats_luishandshake_congratz,"congratulations, congrats, luishandshake, congratz, accomplishment, levarburton, neilhimself, wow, awesome, exciting"
210,938,210_chris_matt_ryan_matty,"chris, matt, ryan, matty, matts, ryans, christopher, his, him, he"
211,937,211_job_jobs_hiring_assistant,"job, jobs, hiring, assistant, hire, congrats, hunting, new, career, jobless"
213,932,213_30_zone_time_11,"30, zone, time, 11, zones, timezone, 12, pm, midnight, pst"
212,932,212_cricket_t20_ashes_india,"cricket, t20, ashes, india, ipl, pakcricket, match, pakistan, twenty20, dhoni"
214,928,214_mcfly_mcflyforgermany_tommcfly_firefly,"mcfly, mcflyforgermany, tommcfly, firefly, dvd, fans, mcflys, t4, xx, radio"
215,925,215_conan_brien_leno_show,"conan, brien, leno, show, jay, colbert, tonight, watching, pearl, spinal"
216,910,216_3d_pixar_coraline_movie,"3d, pixar, coraline, movie, glasses, valentine, disney, up, see, story"
217,904,217_mosquito_bug_bites_bugs,"mosquito, bug, bites, bugs, mosquitoes, mosquitos, bite, bitten, insect, insects"
218,896,218_laundry_washing_machine_clothes,"laundry, washing, machine, clothes, wash, washer, dryer, load, laundromat, doing"
219,888,219_jonas_brothers_joe_nick,"jonas, brothers, joe, nick, episode, disney, channel, watching, youtube, watch"
220,887,220_makeup_mascara_eyeliner_glitter,"makeup, mascara, eyeliner, glitter, eyeshadow, shades, brushes, brush, lipstick, palette"
221,885,221_celebs_celebrity_famous_celeb,"celebs, celebrity, famous, celeb, celebrities, fame, follow, reply, twitter, fake"
222,880,222_scary_scared_creepy_scare,"scary, scared, creepy, scare, creeper, rape, creep, scares, creepers, raped"
223,871,223_happy_happiness_happier_unhappy,"happy, happiness, happier, unhappy, very, right, things, am, happyness, why"
224,864,224_nc_ohio_michigan_carolina,"nc, ohio, michigan, carolina, columbus, milwaukee, raleigh, north, sc, greenville"
225,864,225_bus_buses_driver_waiting,"bus, buses, driver, waiting, missed, late, ride, stop, station, busses"
226,857,226_jealous_jealousy_jelous_envy,"jealous, jealousy, jelous, envy, envious, am, im, lucky, so, making"
227,855,227_philippines_manila_filipino_cebu,"philippines, manila, filipino, cebu, davidarchie, philippine, filipinos, david, cbn, davao"
228,844,228_tommcfly_tom_reply_debbiefletcher,"tommcfly, tom, reply, debbiefletcher, xx, please, toms, xxx, answer, busted"
229,843,229_watch_watched_watching_it,"watch, watched, watching, it, wanna, yet, haven, imeem, ll, haha"
230,835,230_harry_potter_prince_blood,"harry, potter, prince, blood, goblet, hp, draco, half, hogwarts, dumbledore"
231,834,231_printer_ink_pen_print,"printer, ink, pen, print, printing, prints, printed, printers, cartridge, paper"
233,830,233_fuck_why_believe_wow,"fuck, why, believe, wow, happening, say, know, happend, oh, guess"
232,830,232_transformers_transformer_revenge_optimus,"transformers, transformer, revenge, optimus, fallen, imax, shia, premiere, midnight, watch"
234,819,234_word_words_means_dictionary,"word, words, means, dictionary, slang, term, spelling, acronym, spell, mean"
235,816,235_wolverine_men_origins_xmen,"wolverine, men, origins, xmen, jackman, gambit, deadpool, hugh, realhughjackman, movie"
236,803,236_tweeteradder_vip_100_train,"tweeteradder, vip, 100, train, pay, add, using, once, followers, www"
237,796,237_lunch_dinner_lunches_ll,"lunch, dinner, lunches, ll, eat, lunchtime, soon, we, date, let"
238,795,238_cough_coughing_bronchitis_stop,"cough, coughing, bronchitis, stop, sick, chest, lungs, medicine, drops, syrup"
239,794,239_race_nascar_racing_races,"race, nascar, racing, races, dale, jr, motogp, jimmie, tony, racebuddy"
240,792,240_meeting_meetings_staff_hour,"meeting, meetings, staff, hour, boring, office, meet, cancelled, conference, morning"
241,789,241_sweden_norway_finland_denmark,"sweden, norway, finland, denmark, swedish, oslo, helsinki, norwegian, copenhagen, stockholm"
242,787,242_golf_golfing_frisbee_holes,"golf, golfing, frisbee, holes, mini, tournament, play, course, playing, golfer"
243,784,243_hayfever_hay_fever_eyes,"hayfever, hay, fever, eyes, itchy, suffering, nose, tablets, sneezing, hayfevers"
244,783,244_nyc_ny_york_brooklyn,"nyc, ny, york, brooklyn, bronx, manhattan, new, nyt, in, upstate"
245,781,245_starbucks_coffee_closed_venti,"starbucks, coffee, closed, venti, à¹, tommcfly, starbucksapron, drink, closest, latte"
246,780,246_horse_derby_horses_pony,"horse, derby, horses, pony, belmont, riding, kentucky, stakes, horseback, horsey"
247,775,247_stressed_stress_stressful_stressing,"stressed, stress, stressful, stressing, stressin, out, less, stressfull, feeling, handle"
248,774,248_chemistry_chem_exam_revision,"chemistry, chem, exam, revision, studying, test, final, organic, physics, revising"
249,772,249_life_change_things_sometimes,"life, change, things, sometimes, changed, changes, sucks, everything, live, livin"
250,769,250_train_trains_station_missed,"train, trains, station, missed, journey, late, seat, railway, carriage, delayed"
251,767,251_lip_lips_itchy_pimple,"lip, lips, itchy, pimple, swollen, pimples, face, itching, acne, itches"
252,766,252_flu_sick_flue_symptoms,"flu, sick, flue, symptoms, caught, feeling, feel, down, bed, man"
253,764,253_spanish_latin_speak_english,"spanish, latin, speak, english, class, exam, language, oral, final, learning"
254,760,254_demi_lovato_selena_miley,"demi, lovato, selena, miley, demis, trace, jonas, gomez, brothers, concert"
255,759,255_taco_tacos_bell_burrito,"taco, tacos, bell, burrito, burritos, del, salsa, tamales, eat, fish"
256,758,256_chillin_chill_chilling_chillen,"chillin, chill, chilling, chillen, chillaxin, homies, wit, chills, home, chillaxing"
257,757,257_bored_boring_boredom_im,"bored, boring, boredom, im, nothing, boredd, lol, interesting, dull, talk"
258,754,258_ly_bit_tinyurl_http,"ly, bit, tinyurl, http, com, gd, 5nmvy, this, check, 12cwai"
259,750,259_bag_purse_bags_purses,"bag, purse, bags, purses, handbag, plastic, handbags, coach, tote, chanel"
260,749,260_bed_comfy_mattress_beds,"bed, comfy, mattress, beds, own, comfortable, sleeping, sleep, bedding, floor"
261,749,261_juice_lemonade_orange_apple,"juice, lemonade, orange, apple, fruit, lemons, lemon, apples, grape, cranberry"
262,748,262_warcraft_guild_wow_raid,"warcraft, guild, wow, raid, games, play, horde, playing, mmo, ulduar"
263,743,263_finger_thumb_hand_fingers,"finger, thumb, hand, fingers, cut, hurts, sliced, hurt, swollen, hands"
264,743,264_migraine_migraines_migrane_meds,"migraine, migraines, migrane, meds, migrain, migranes, away, worst, pain, fighting"
265,734,265_kids_children_baby_daughter,"kids, children, baby, daughter, babies, child, son, kid, birth, your"
266,734,266_birthday_bday_birthdays_celebrate,"birthday, bday, birthdays, celebrate, tomorrow, my, present, happy, its, birthdayyy"
267,734,267_spider_spiders_ants_ant,"spider, spiders, ants, ant, room, crawling, huge, spiderman, killed, kill"
268,727,268_yes_it_is_isn,"yes, it, is, isn, indeed, sure, yeah, decidedly, isnt, yea"
269,727,269_voice_lost_losing_voices,"voice, lost, losing, voices, vocal, ddlovato, gone, sound, therealjordin, croaky"
270,724,270_mumbai_delhi_bangalore_pune,"mumbai, delhi, bangalore, pune, india, chennai, indian, goa, kerala, bombay"
271,722,271_danny_dannymcfly_dannywood_dannygokey,"danny, dannymcfly, dannywood, dannygokey, dannys, dannygokeyislove, dougie, xx, tommcfly, love"
272,719,272_did_do_yes_yeah,"did, do, yes, yeah, course, didn, sure, nope, don, dont"
273,716,273_sister_brother_wife_hubby,"sister, brother, wife, hubby, husband, sis, sisters, your, wifey, family"
274,711,274_comic_comics_batman_superman,"comic, comics, batman, superman, superhero, con, book, marvel, free, store"
275,710,275_xbox_360_live_xbox360,"xbox, 360, live, xbox360, rrod, down, maintenance, play, ring, microsoft"
276,707,276_waiting_patience_impatient_nothing,"waiting, patience, impatient, nothing, doing, time, fast, flies, wait, nothingpersonal"
277,707,277_3g_3gs_iphone_upgrade,"3g, 3gs, iphone, upgrade, eligible, 32gb, contract, 2g, 16gb, apple"
278,705,278_dm_dms_sent_send,"dm, dms, sent, send, check, email, reply, respond, your, can"
279,704,279_bunny_rabbit_bunnies_rabbits,"bunny, rabbit, bunnies, rabbits, ran, baby, cute, bowl_the_bunny, framed, snuggle"
280,703,280_power_electricity_outage_electric,"power, electricity, outage, electric, blackout, powers, generator, electrical, cut, went"
281,701,281_donuts_donut_krispy_kreme,"donuts, donut, krispy, kreme, doughnut, doughnuts, dunkin, national, kremes, free"
282,688,282_cry_crying_tears_tear,"cry, crying, tears, tear, cried, cryin, make, makes, crybaby, don"
283,687,283_emails_gmail_inbox_mail,"emails, gmail, inbox, mail, email, outlook, mails, unread, imap, checking"
284,680,284_coke_pepsi_soda_diet,"coke, pepsi, soda, diet, cola, coca, dew, drinking, mountain, throwback"
285,674,285_britney_britneyspears_spears_seek,"britney, britneyspears, spears, seek, circus, following, amy, vids, britneys, brit"
286,672,286_chinese_china_beijing_mandarin,"chinese, china, beijing, mandarin, shanghai, chineselearn, ching, lessons, uploaded, wo"
287,665,287_lonely_alone_loneliness_feeling,"lonely, alone, loneliness, feeling, loner, feel, being, lonesome, im, felt"
288,665,288_how_morning_are_hows,"how, morning, are, hows, doing, today, hello, hi, hey, good"
289,665,289_allergies_allergy_allergic_meds,"allergies, allergy, allergic, meds, acting, medicine, miserable, killing, attack, kicking"
290,664,290_keys_locked_key_lock,"keys, locked, key, lock, car, keychain, locksmith, house, iamdiddy, lost"
291,661,291_upset_pissed_sad_angry,"upset, pissed, sad, angry, very, right, off, sadddd, really, saddddd"
292,660,292_terminator_salvation_connor_chronicles,"terminator, salvation, connor, chronicles, sarah, tscc, movie, watch, film, bale"
293,658,293_traffic_stuck_jam_road,"traffic, stuck, jam, road, motorway, lanes, 95, jams, highway, driving"
294,656,294_tweeterfollow_vip_100_train,"tweeterfollow, vip, 100, train, pay, add, using, once, followers, www"
295,652,295_hills_hill_tree_finale,"hills, hill, tree, finale, season, watching, peyton, episode, lucas, one"
296,646,296_essay_essays_english_write,"essay, essays, english, write, writing, philosophy, finished, finish, due, paragraph"
297,641,297_picture_upload_pic_twitter,"picture, upload, pic, twitter, profile, change, photo, let, wont, letting"
298,639,298_susan_boyle_diversity_win,"susan, boyle, diversity, win, bgt, talent, britain, stavros, she, priory"
299,638,299_aim_msn_gtalk_chat,"aim, msn, gtalk, chat, talk, sign, talking, on, nobody, messenger"
300,633,300_leave_out_back_wanna,"leave, out, back, wanna, go, wants, tonight, leaving, stay, want"
301,631,301_name_names_nickname_middle,"name, names, nickname, middle, nicknames, named, surname, naming, change, new"
302,631,302_chinese_thai_food_korean,"chinese, thai, food, korean, asian, eating, dinner, eat, ate, bbq"
303,630,303_date_june_july_dates,"date, june, july, dates, august, month, november, 28th, may, 26th"
304,628,304_knee_knees_hurts_hurt,"knee, knees, hurts, hurt, killing, surgery, swollen, ligament, pain, injury"
305,627,305_history_exam_revision_test,"history, exam, revision, test, studying, study, homework, paper, coursework, studies"
306,627,306_soup_chicken_noodle_tomato,"soup, chicken, noodle, tomato, miso, wonton, bring, mchale, vegetable, homemade"
307,618,307_ikea_furniture_room_drawers,"ikea, furniture, room, drawers, drawer, moving, rooms, shelf, empty, desk"
309,614,309_tony_tonys_awards_sopranos,"tony, tonys, awards, sopranos, watching, ontd, nph, harris, neil, patrick"
308,614,308_paper_papers_research_writing,"paper, papers, research, writing, write, page, pages, due, done, finish"
310,614,310_dvd_dvds_netflix_vhs,"dvd, dvds, netflix, vhs, watch, buy, blu, bought, disc, collection"
311,611,311_download_downloading_downloaded_downloads,"download, downloading, downloaded, downloads, rapidshare, file, download2009, link, version, available"
312,607,312_e3_conference_press_microsoft,"e3, conference, press, microsoft, nintendo, coverage, g4, games, year, sony"
313,605,313_farrah_fawcett_rip_cancer,"farrah, fawcett, rip, cancer, sudoku, passed, died, 62, angel, farah"
314,605,314_flowers_flower_roses_rose,"flowers, flower, roses, rose, bouquet, tulips, bloom, orchid, florist, beautiful"
315,605,315_apple_store_applecored_wwdc,"apple, store, applecored, wwdc, fanboy, applecare, logo, genius, products, support"
316,604,316_djsmook_rock_djalfy_rockinrose,"djsmook, rock, djalfy, rockinrose, rocks4ever, djvinceadams, rocks, dj, djaaries, djdatz"
317,601,317_class_classes_cancelled_suspended,"class, classes, cancelled, suspended, postponed, start, last, first, tomorrow, week"
318,598,318_trip_safe_travels_travel,"trip, safe, travels, travel, vacation, traveling, journey, enjoy, your, have"
319,593,319_chuck_chuckmemondays_chucks_blair,"chuck, chuckmemondays, chucks, blair, norris, chuckeu, renewed, season, nbc, savechuck"
320,593,320_why_reason_whyy_whyyy,"why, reason, whyy, whyyy, reasons, whyyyyy, whyyyy, because, say, iamjonathancook"
321,589,321_lost_help_find_please,"lost, help, find, please, home, am, good, backflip, pogo, me"
322,588,322_smile_smiling_smiles_allein,"smile, smiling, smiles, allein, face, stop, make, world, smiled, unconditionally"
323,586,323_chicago_chicagoblues60_chicagoland_city,"chicago, chicagoblues60, chicagoland, city, theellenshow, illinois, leaving, lived, in, chicagostyle"
324,582,324_nap_naps_napping_woke,"nap, naps, napping, woke, take, hour, took, napped, naptime, power"
325,581,325_gaga_lady_paparazzi_ladygaga,"gaga, lady, paparazzi, ladygaga, poker, pcd, rove, perezhilton, face, listening"
326,580,326_tv_nothing_bored_watching,"tv, nothing, bored, watching, watchin, watch, daytime, television, tmz, nothin"
327,579,327_poetry_poem_haiku_poems,"poetry, poem, haiku, poems, rhyme, poet, rhymes, rhyming, rhymed, poetic"
328,579,328_breakfast_eat_eating_morning,"breakfast, eat, eating, morning, woke, ate, breakfasts, bed, ilm, time"
329,577,329_strawberries_strawberry_strawberrys_blueberries,"strawberries, strawberry, strawberrys, blueberries, picking, pinkberry, blackberries, berries, covered, raspberries"
330,576,330_ankle_sprained_twisted_ankles,"ankle, sprained, twisted, ankles, swollen, hurts, sprain, hurt, achilles, hurting"
331,576,331_skype_skyping_chat_call,"skype, skyping, chat, call, talk, talking, chatting, msn, via, add"
332,575,332_relaxing_relax_relaxed_relaxin,"relaxing, relax, relaxed, relaxin, relaxation, lounging, home, after, enjoying, ìµì"
333,575,333_fever_feverish_102_101,"fever, feverish, 102, 101, fevers, chills, sick, high, aches, body"
334,573,334_closed_closing_open_close,"closed, closing, open, close, opening, closes, opened, they, sundays, closure"
335,573,335_ff_thanks_thank_mention,"ff, thanks, thank, mention, shout, ty, appreciate, thx, for, recommendation"
336,566,336_biology_science_bio_test,"biology, science, bio, test, exam, revision, microbiology, study, studying, microbio"
337,562,337_lost_season_episode_finale,"lost, season, episode, finale, house, episodes, watch, watching, series, watched"
338,560,338_squarespace_trackle_square_win,"squarespace, trackle, square, win, stargirlinspace, winning, winner, contest, sqaurespace, forgot"
339,559,339_java_php_python_javaone,"java, php, python, javaone, mysql, xml, sql, database, asp, javascript"
340,559,340_edward_jacob_cullen_bella,"edward, jacob, cullen, bella, twilight, team, cullens, moon, trailer, dawn"
341,559,341_spain_barcelona_madrid_valencia,"spain, barcelona, madrid, valencia, ddlovato, lisbon, barï, espana, ½a, spanish"
343,558,343_he_him_she_yes,"he, him, she, yes, guy, does, love, yeah, hes, lol"
342,558,342_hawaii_maui_hawaiian_oahu,"hawaii, maui, hawaiian, oahu, bahamas, honolulu, guam, aloha, hawaiirealty, hawaiihta"
344,555,344_design_designs_graphic_designer,"design, designs, graphic, designer, designers, designing, designthinkers, à¹, designed, project"
345,552,345_babysitting_babysit_babysitter_babysittin,"babysitting, babysit, babysitter, babysittin, babysitters, kids, nanny, baby, tonight, paid"
346,551,346_number_numbers_digits_text,"number, numbers, digits, text, txt, call, dm, saynow, give, message"
347,551,347_paris_france_babygirlparis_louvre,"paris, france, babygirlparis, louvre, eiffel, tower, london, trip, paristhevixen, hotel"
348,547,348_play_played_playing_game,"play, played, playing, game, playin, wanna, plays, games, playmate, oxegen"
349,544,349_call_called_calls_calling,"call, called, calls, calling, answer, khloekardashian, phone, missed, one_call, selenagomez"
350,542,350_boo_booboo_boored_boos,"boo, booboo, boored, boos, booga, missin, booger, miss, boobie, booo"
351,541,351_apprentice_margaret_yasmina_kate,"apprentice, margaret, yasmina, kate, final, celebrity, win, won, margret, joan"
352,541,352_hate_haters_hates_mean,"hate, haters, hates, mean, hater, hating, rude, me, why, you"
353,540,353_june_month_july_may,"june, month, july, may, 1st, march, 16th, august, already, november"
354,539,354_wrong_whats_what_wronggg,"wrong, whats, what, wronggg, wrongg, aww, mojo, wats, loveisonitsway, hunn"
355,537,355_happened_what_happend_happen,"happened, what, happend, happen, oh, did, aww, seaempty, landerson324, whats"
356,535,356_lights_light_lamp_bulb,"lights, light, lamp, bulb, lighting, bulbs, bright, flashlight, glow, brighter"
357,533,357_pattinson_robert_kristen_rob,"pattinson, robert, kristen, rob, stewart, pattinsonrobt, pattinsonrt, 6fq66, kiss, taxi"
358,527,358_magazine_mag_copy_magazines,"magazine, mag, copy, magazines, mags, vogue, copies, issue, cover, reading"
359,526,359_knitting_yarn_knit_sewing,"knitting, yarn, knit, sewing, crochet, crocheting, sew, knitter, pattern, knitster"
360,525,360_cheese_mac_grilled_cheddar,"cheese, mac, grilled, cheddar, sandwich, kraft, eat, mozzarella, cheez, string"
361,524,361_sat_sats_scores_satc,"sat, sats, scores, satc, taking, nav, luck, ii, tomorrow, satnite"
362,523,362_headphones_earphones_headphone_ear,"headphones, earphones, headphone, ear, earbuds, broke, ipod, headset, bose, sennheiser"
363,523,363_neck_stiff_hurts_sore,"neck, stiff, hurts, sore, pain, slept, crick, hurt, hurting, killing"
364,521,364_cuddle_cuddles_cuddling_buddy,"cuddle, cuddles, cuddling, buddy, someone, cuddled, snuggle, need, alone, want"
365,521,365_ðµñ_ð¾ñ_ðµ_ð¾ð,"ðµñ, ð¾ñ, ðµ, ð¾ð, ð½ð, ð¾, ðºð, ðµð, ð²ð, ð²ñ"
366,520,366_drag_hell_scary_raimi,"drag, hell, scary, raimi, horror, movie, me, see, watch, scared"
367,518,367_boston_detroit_denver_globe,"boston, detroit, denver, globe, bostontweet, bostons, heading, landed, in, city"
368,517,368_bnp_eu09_seat_labour,"bnp, eu09, seat, labour, parliament, european, elections, election, yorkshire, eu"
369,516,369_goodnight_dreams_sweet_alex_mauricio,"goodnight, dreams, sweet, alex_mauricio, goodnights, sweetie, sweetdreams, squishymatter, zzz, ohmagoshabel"
370,516,370_presentation_powerpoint_presentations_slides,"presentation, powerpoint, presentations, slides, speech, slide, slideshow, presenting, preparing, slideshare"
371,515,371_tennis_play_wimbledon_courts,"tennis, play, wimbledon, courts, playing, racket, racquet, played, virtua, court"
372,514,372_blood_true_trueblood_season,"blood, true, trueblood, season, hbo, episode, watch, premiere, watching, lafayette"
373,511,373_100_1000_000_400,"100, 1000, 000, 400, 500, 200, 300, 3008, 600, thousand"
375,505,375_remember_memory_memories_forget,"remember, memory, memories, forget, remembered, remembers, forgot, forgetting, forgotten, remembering"
377,505,377_alarm_alarms_clock_snooze,"alarm, alarms, clock, snooze, set, false, off, fire, button, wake"
376,505,376_cry_crying_tears_tear,"cry, crying, tears, tear, cried, stop, feel, wanna, eyes, cryin"
374,505,374_bread_toast_french_loaf,"bread, toast, french, loaf, toaster, sourdough, toasted, crumbs, yeast, wheat"
378,503,378_friends_friend_best_friendship,"friends, friend, best, friendship, buddies, friended, your, ur, true, real"
379,501,379_wave_google_waves_googlewave,"wave, google, waves, googlewave, waving, waved, demo, preview, presentation, developer"
380,500,380_drive_driving_parking_driver,"drive, driving, parking, driver, safe, drivers, drove, drives, car, safely"
381,499,381_nose_stuffy_bleed_runny,"nose, stuffy, bleed, runny, nosebleed, nosebleeds, blocked, nosey, stuffed, hurts"
382,499,382_holiday_holidays_public_christmas,"holiday, holidays, public, christmas, holidayy, boring, bored, over, weeks, national"
383,498,383_yes_am_are_course,"yes, am, are, course, not, aren, you, no, nope, yeah"
384,498,384_quote_quotes_favorite_thedebbyryan,"quote, quotes, favorite, thedebbyryan, sharing, inspiring, quoting, quot, true, churchill"
385,497,385_zoo_elephant_elephants_animals,"zoo, elephant, elephants, animals, zoos, rhino, tycoon, petting, marwell, bronx"
386,497,386_spymaster_spy_assassinate_spymasters,"spymaster, spy, assassinate, spymasters, assassination, invite, notifications, playspymaster, ring, spyring"
387,495,387_shopping_shop_store_shops,"shopping, shop, store, shops, spree, stores, shoppin, shopaholic, shopper, mart"
388,491,388_updates_update_updating_updated,"updates, update, updating, updated, protected, mileyfashion, often, your, following, status"
389,485,389_tix_tic_sold_tixs,"tix, tic, sold, tixs, tacs, toc, tics, bought, sale, presale"
391,485,391_skate_skating_skateboard_roller,"skate, skating, skateboard, roller, skates, skateboarding, ice, blades, rollerblades, rollerskating"
390,485,390_nashville_memphis_tn_tennessee,"nashville, memphis, tn, tennessee, knoxville, chattanooga, franklin, nashvillest, in, back"
392,484,392_yoga_bikram_class_session,"yoga, bikram, class, session, meditation, chakra, teacher, classes, practice, morning"
393,483,393_hug_hugs_need_needs,"hug, hugs, need, needs, hugged, give, hugging, wants, hater, someone"
394,483,394_greek_greece_athens_crete,"greek, greece, athens, crete, greekpeace, santorini, greeks, greekdude, greekshow, greek4honeybee"
395,479,395_hurt_pain_painful_hurts,"hurt, pain, painful, hurts, hurting, ouch, sounds, badly, does, much"
396,479,396_gossip_girl_gossipgirl_season,"gossip, girl, gossipgirl, season, gossiping, gossips, watching, finale, 90210, episode"
397,479,397_unfollow_unfollowed_unfollowing_unfollowdiddy,"unfollow, unfollowed, unfollowing, unfollowdiddy, follow, unfollows, people, autofollow, refollow, following"
398,473,398_bowling_bowl_alley_bowled,"bowling, bowl, alley, bowled, columbine, bowls, bowlin, bowler, suck, pin"
399,472,399_seen_see_haven_saw,"seen, see, haven, saw, wait, wanna, it, yet, seeing, want"
400,471,400_eminem_drake_trey_bruno,"eminem, drake, trey, bruno, songz, mtv, awards, 2txz, treysongz, songzyuuup"
401,469,401_password_hacked_passwords_hacker,"password, hacked, passwords, hacker, hack, hacking, hackers, account, changed, login"
402,468,402_david_davids_jeffarchuleta_he,"david, davids, jeffarchuleta, he, his, him, jennybeeean, davidcarradine, davidarchie, jeff"
403,466,403_marley_grease_watched_bob,"marley, grease, watched, bob, movie, cried, watching, bawled, cry, vh1"
404,462,404_florida_tampa_fl_fla,"florida, tampa, fl, fla, jacksonville, come, in, coming, floridasunsales, south"
405,462,405_skool_schoool_skewl_skl,"skool, schoool, skewl, skl, schooool, schoooool, skwl, scool, skools, 2moz"
407,460,407_bathroom_pee_toilet_bathrooms,"bathroom, pee, toilet, bathrooms, toilets, restroom, restrooms, peeing, peed, public"
406,460,406_arm_elbow_bruise_bruises,"arm, elbow, bruise, bruises, hurts, arms, bruised, hurt, elbows, ouch"
408,459,408_sick_baby_poor_care,"sick, baby, poor, care, hospital, little, child, daughter, girl, pneumonia"
409,457,409_demons_angels_book_demon,"demons, angels, book, demon, amp, movie, hanks, angel, watch, saw"
410,457,410_braces_orthodontist_retainer_brace,"braces, orthodontist, retainer, brace, teeth, retainers, tightened, mouth, hurt, invisalign"
411,457,411_bing_search_google_microsoft,"bing, search, google, microsoft, engine, results, com, msft, www, verb"
412,450,412_tired_very_super_so,"tired, very, super, so, am, really, effing, tiredness, extremely, ugh"
413,450,413_podcast_podcasts_podcasting_listen,"podcast, podcasts, podcasting, listen, itunes, audio, recording, podcasters, listening, latest"
414,450,414_summer_summers_vacation_summertime,"summer, summers, vacation, summertime, enjoy, hows, here, far, over, haha"
415,449,415_york_nyc_ny_manhattan,"york, nyc, ny, manhattan, new, city, leaving, brooklyn, trip, goodbye"
416,448,416_hat_hats_wearing_beanie,"hat, hats, wearing, beanie, wear, cowboy, twitpic, funky, straw, top"
417,446,417_museum_night_smithsonian_museums,"museum, night, smithsonian, museums, exhibit, at, cherubs, exhibition, saw, holocaust"
418,445,418_housewives_anatomy_desperate_grey,"housewives, anatomy, desperate, grey, greys, finale, season, jersey, nj, real"
419,443,419_library_libraries_librarians_librarian,"library, libraries, librarians, librarian, fines, public, studying, closed, at, study"
420,443,420_layout_theme_themes_wordpress,"layout, theme, themes, wordpress, layouts, new, css, myspace, custom, wp"
421,442,421_finals_week_finalss_clap,"finals, week, finalss, clap, done, luck, two, tomorrow, final, suck"
422,439,422_la_angeles_los_land,"la, angeles, los, land, wish, in, meet, come, lived, december"
423,438,423_vampire_vampires_vamp_dracula,"vampire, vampires, vamp, dracula, irish_vampire, vampirefreak101, vamps, vamps_r_us, twilight, blood"
424,437,424_updates_update_100th_200th,"updates, update, 100th, 200th, 200, 500, 1000, 300th, 500th, 300"
425,436,425_pancakes_pancake_chip_syrup,"pancakes, pancake, chip, syrup, making, breakfast, chocolate, made, yum, blueberry"
426,433,426_whats_up_what_hey,"whats, up, what, hey, wats, uppp, whatcha, upp, heyy, heyyy"
427,432,427_dad_father_daddy_dads,"dad, father, daddy, dads, shanedawson, your, fatherhood, he, him, grandma"
429,431,429_wwe_raw_hardy_wrestling,"wwe, raw, hardy, wrestling, smackdown, kennedy, jeff, tna, orton, cena"
428,431,428_love_glad_awesome_like,"love, glad, awesome, like, it, liked, liking, amazing, cool, yes"
430,429,430_milk_lactose_intolerant_dairy,"milk, lactose, intolerant, dairy, soy, drinking, milks, drink, milkshake, drank"
431,426,431_lake_river_lakes_boating,"lake, river, lakes, boating, lakehouse, creek, lakeside, lakeee, riverbend, tubing"
432,425,432_addicted_addiction_addictive_addicting,"addicted, addiction, addictive, addicting, addict, ykyat, spotted, featured, addicts, addictions"
433,423,433_english_language_translation_translate,"english, language, translation, translate, languages, translating, translator, translated, speak, translations"
434,422,434_drama_dramas_dramabeats_queen,"drama, dramas, dramabeats, queen, exam, coursework, dramaz, school, life, dramaa"
437,421,437_fake_real_fakes_fakers,"fake, real, fakes, fakers, account, tylerhilton, faked, faker, accounts, profiles"
436,421,436_background_change_image_backgrounds,"background, change, image, backgrounds, changed, picture, pic, profile, new, settings"
435,421,435_legs_leg_hurt_calves,"legs, leg, hurt, calves, hurts, sore, thighs, pain, aching, walk"
438,420,438_carradine_david_kung_fu,"carradine, david, kung, fu, eddings, bill, rip, kill, died, dead"
440,419,440_trending_topics_topic_trend,"trending, topics, topic, trend, alltimelow, dannygokeyislove, jbyoutubesuspended, trends, retweet, counter"
439,419,439_cruise_nkotb_ship_cruises,"cruise, nkotb, ship, cruises, jordanknight, donniewahlberg, cayman, jonathanrknight, 2010, next"
441,417,441_hope_day_great_morning,"hope, day, great, morning, wonderful, good, thank, having, lovely, fantastic"
443,416,443_stalker_stalking_stalk_stalkers,"stalker, stalking, stalk, stalkers, stalked, stalkerish, stalkin, creepy, lol, people"
442,416,442_massage_massages_body_need,"massage, massages, body, need, masseuse, massaging, therapist, sore, spa, knots"
444,411,444_mad_angry_upset_pissed,"mad, angry, upset, pissed, anger, at, why, piss, angrybritain, im"
446,409,446_cramps_period_cramp_cramping,"cramps, period, cramp, cramping, crampy, periods, worst, menstrual, suck, pain"
445,409,445_piercing_pierced_piercings_nose,"piercing, pierced, piercings, nose, belly, lip, button, ring, ears, tongue"
447,406,447_pain_killers_painkillers_meds,"pain, killers, painkillers, meds, pains, much, painful, away, lot, agony"
449,405,449_training_session_trained_trainings,"training, session, trained, trainings, train, caltrain, trainee, tomorrow, taaayyyuurrd, course"
448,405,448_adam_idol_kris_adams,"adam, idol, kris, adams, ryanseacrest, him, win, american, dorkus_, he"
452,402,452_bee_bees_stung_bumble,"bee, bees, stung, bumble, bumblebee, honey, wasps, sting, beeb, by"
450,402,450_etsy_treasury_shop_www,"etsy, treasury, shop, www, items, sales, handmade, treasuries, ly, lizziboo_etsy"
451,402,451_tire_tires_flat_tyres,"tire, tires, flat, tyres, tyre, rims, car, bike, rim, tireeed"
453,401,453_hours_minutes_hour_mins,"hours, minutes, hour, mins, left, half, more, min, 10, 45"
454,401,454_ads_ad_advertising_adverts,"ads, ad, advertising, adverts, advert, adsense, adwords, giveaway, codes, advertise"
456,399,456_does_yes_doesn_did,"does, yes, doesn, did, it, indeed, sure, yeah, hasn, doesnt"
455,399,455_earthquake_earthquakes_quake_felt,"earthquake, earthquakes, quake, felt, la, quakes, aftershocks, italy, scary, davidarchie"
457,397,457_sneezing_sneeze_sneezed_sneezes,"sneezing, sneeze, sneezed, sneezes, stop, sneezy, allergies, nose, cough, pollen"
458,395,458_jonas_brothers_fly_cd,"jonas, brothers, fly, cd, paranoid, album, song, jonasbrothers, listening, keys"
460,394,460_gas_prices_tank_fuel,"gas, prices, tank, fuel, gallon, fill, oil, pump, station, cents"
459,394,459_tree_trees_pine_forest,"tree, trees, pine, forest, planting, plant, cutting, poke, treespotter, down"
462,393,462_them_they_glad_re,"them, they, glad, re, those, liked, awesome, cool, theyre, are"
461,393,461_excited_excitement_pumped_wait,"excited, excitement, pumped, wait, tomorrow, stoked, super, exciting, frenzy, tonight"
464,392,464_throw_throwing_nauseous_puke,"throw, throwing, nauseous, puke, vomit, threw, puking, vomiting, nausea, up"
463,392,463_noodles_ramen_noodle_instant,"noodles, ramen, noodle, instant, pot, cup, eating, lunch, eat, beef"
465,392,465_bank_holiday_monday_holidays,"bank, holiday, monday, holidays, weekend, typical, working, weather, mondays, british"
466,391,466_happy_happycassie_happiness_makes,"happy, happycassie, happiness, makes, happier, thoughts, make, glad, joy, worry"
467,391,467_flash_adobe_cs4_flex,"flash, adobe, cs4, flex, catalyst, actionscript, builder, air, player, install"
468,387,468_fml_fmylife_fmls_seriously,"fml, fmylife, fmls, seriously, moonlightmile89, ugh, wakeyy, sick, fmlfmlfml, oxidation"
469,385,469_sign_signed_signing_signature,"sign, signed, signing, signature, signs, signatures, signings, signboard, da59hx, twitition"
471,385,471_missed_it_eingrad_dang,"missed, it, eingrad, dang, awww, bummed, nessong, sorry, phraktyl, kimkardashian"
470,385,470_emo_dfizzy_fizzyduck_fizz,"emo, dfizzy, fizzyduck, fizz, fizzy, emos, 6fwg3, deefizzy, kid, ema"
474,383,474_mitchelmusso_mitchel_mitch_mitchbenn,"mitchelmusso, mitchel, mitch, mitchbenn, shout, shoutout, mitchelmussos, hey, 6pe9h, call"
472,383,472_geography_geo_geog_revision,"geography, geo, geog, revision, exam, geom, coursework, english, lowlands, homework"
473,383,473_drums_drum_drummer_drumming,"drums, drum, drummer, drumming, drummers, snare, drumstick, drumset, band, play"
475,379,475_audition_auditions_auditioning_idol,"audition, auditions, auditioning, idol, auditioned, luck, tomfelton, american, auditiondanny, went"
477,378,477_ruby_rails_gem_rubyrose1,"ruby, rails, gem, rubyrose1, ruby_gem, gems, rubyletters, gemeg, rake, ruby1201"
478,378,478_boat_boats_boating_sailing,"boat, boats, boating, sailing, sail, canoe, yacht, nautical, paddle, submarine"
476,378,476_pub_bar_bars_bartending,"pub, bar, bars, bartending, crawl, pubs, pubbing, closed, local, places"
479,377,479_panda_pandamayhem_pandas_express,"panda, pandamayhem, pandas, express, sad, pandadementia, makes, ceasar, zoo, panda951"
482,375,482_cancelled_show_canceled_shows,"cancelled, show, canceled, shows, cw, cancel, privileged, game, season, was"
480,375,480_obama_barack_president_barackobama,"obama, barack, president, barackobama, pres, obamas, bush, white, speech, cheney"
481,375,481_tall_taller_short_height,"tall, taller, short, height, shorter, 5ft, than, inches, grow, 5â"
484,374,484_add_added_adding_hotmail,"add, added, adding, hotmail, addy, thanks, no1panicfan, hey, addin, me"
485,374,485_anniversary_happy_celebrating_wedding,"anniversary, happy, celebrating, wedding, year, years, our, wife, month, parents"
483,374,483_walk_walking_walks_walked,"walk, walking, walks, walked, miles, taking, stroll, mile, walkin, long"
486,373,486_bear_bears_polar_teddy,"bear, bears, polar, teddy, grizzly, build, teddybear, pooh, wuzzy, fuzzy"
488,370,488_duck_ducks_ducky_duckies,"duck, ducks, ducky, duckies, ducklings, duckling, duckie, quack, rubber, baby"
487,370,487_palm_pre_sprint_palmpre,"palm, pre, sprint, palmpre, centro, store, treo, iphone, phone, prethinking"
490,368,490_twit_twitted_twitting_twitt,"twit, twitted, twitting, twitt, twiiter, twiter, twits, twitts, twi, twitty"
489,368,489_night_had_last_great,"night, had, last, great, amazing, tonight, evening, best, was, fabulous"
492,367,492_ufc_fight_boxing_fights,"ufc, fight, boxing, fights, mma, faber, silva, liddell, undisputed, club"
491,367,491_bgt_final_win_flawless,"bgt, final, win, flawless, watch, acts, watching, tonight, results, result"
493,366,493_wars_star_4th_jedi,"wars, star, 4th, jedi, starwars, starwarsday, may, darth, fourth, vader"
494,365,494_eggs_egg_omelette_scrambled,"eggs, egg, omelette, scrambled, yolk, omelet, wakey, bakey, eggnog, whites"
495,364,495_funeral_funerals_cemetary_uncle,"funeral, funerals, cemetary, uncle, rip, sad, grandfather, friend, obituary, passed"
496,360,496_smile_smiling_smiles_face,"smile, smiling, smiles, face, grin, make, humble, twitpic, big, always"
497,359,497_muffins_muffin_blueberry_chip,"muffins, muffin, blueberry, chip, chocolate, baking, lovebscott, bake, baked, yummy"
498,358,498_rob_robsten_dyrdek_x17live,"rob, robsten, dyrdek, x17live, 39qb, x17online, fantasy, poor, robs, ustre"
499,357,499_plan_plans_sounds_planning,"plan, plans, sounds, planning, like, thejennyrae, planned, change, curiousity, cunning"
500,355,500_piano_play_pianos_playing,"piano, play, pianos, playing, lessons, practicing, learning, practice, lesson, pianist"
501,353,501_feeling_today_feel_feelin,"feeling, today, feel, feelin, blah, better, not, well, poorly, worse"
502,350,502_writing_write_writers_block,"writing, write, writers, block, writer, story, ideas, wrote, stories, written"
503,350,503_blink_182_tickets_blink182,"blink, 182, tickets, blink182, markhoppus, weezer, tour, fob, sold, concert"
504,348,504_happens_happened_annoying_happen,"happens, happened, annoying, happen, happening, same, often, me, that, thing"
505,345,505_vacation_vacations_over_need,"vacation, vacations, over, need, almost, mini, end, extended, reality, week"
506,344,506_baby_missing_babies_miss,"baby, missing, babies, miss, him, my, already, davy, missin, her"
508,343,508_whale_whales_dolphins_beached,"whale, whales, dolphins, beached, dolphin, wars, fail, shark, kommetjie, sharks"
507,343,507_hills_lauren_finale_conrad,"hills, lauren, finale, conrad, laurenconrad, episode, kristin, season, laurens, lc"
509,343,509_assignment_assignments_due_doing,"assignment, assignments, due, doing, finish, finished, english, complete, done, pd"
510,342,510_waffles_waffle_house_donniewahlberg,"waffles, waffle, house, donniewahlberg, belgian, wafflesgirls, wafflehouse, joeymcintyre, wafflelovesme, houses"
511,341,511_drop_by_aughh_move,"drop, by, aughh, move, holys, ohh, auch, com, sulumitsretsambew, owww"
512,339,512_swift_taylor_swifts_dateline,"swift, taylor, swifts, dateline, fearless, nbc, special, listening, songs, concert"
514,338,514_leno_jay_show_tonight,"leno, jay, show, tonight, last, lenos, watching, episode, host, jaywalking"
513,338,513_ng_mã_nh_cã,"ng, mã, nh, cã, tháº, lã, chá, cã³, láº, thã"
515,337,515_ff_matt_369_thanks_à¹,"ff, matt_369, thanks, à¹, thank, thx, dottibailey, stillsafe, follow, bacieabbracci"
516,336,516_award_awards_miley_mileycyrus,"award, awards, miley, mileycyrus, congrats, mtv, deserved, win, congratulations, kristenstewart9"
519,333,519_latte_mocha_iced_cappuccino,"latte, mocha, iced, cappuccino, starbucks, caramel, vanilla, chai, coffee, macchiato"
518,333,518_talk_someone_talking_nobody,"talk, someone, talking, nobody, talks, wants, bicker, somebody, talkin, anymore"
517,333,517_horoscope_gemini_leo_scorpio,"horoscope, gemini, leo, scorpio, virgo, capricorn, pisces, astrology, geminis, libra"
520,331,520_twitpic_com_http_baby,"twitpic, com, http, baby, girls, sister, niece, brother, girl, cousin"
522,328,522_warped_tour_warped09_pomona,"warped, tour, warped09, pomona, warpedwednesday, tickets, vans, warp, nicksantino, bands"
521,328,521_license_permit_licence_driver,"license, permit, licence, driver, drivers, dmv, driving, licenses, test, licensed"
523,325,523_photoshop_photoshopping_gimp_imagemagick,"photoshop, photoshopping, gimp, imagemagick, image, images, editing, edit, adobe, skills"
524,324,524_perezhilton_perez_hilton_punched,"perezhilton, perez, hilton, punched, him, jonathanrknight, paccadoodle, he, ortega, manager"
526,322,526_eurovision_norway_contest_song,"eurovision, norway, contest, song, alexander, rybak, winner, fairytale, iceland, 5th"
525,322,525_proud_trent_reznor_congrats_congratulations,"proud, trent_reznor, congrats, congratulations, trent, of, pride, very, you, jubo"
528,320,528_blood_donate_injections_injection,"blood, donate, injections, injection, tests, donating, test, bloodwork, needles, plasma"
527,320,527_marathon_marathons_half_run,"marathon, marathons, half, run, training, boston, running, rnr, finished, mini"
529,319,529_fb_office_nytm_monday,"fb, office, nytm, monday, weekend, schedule, enrollment, ready, sick, early"
530,318,530_supernatural__supernatural__dean_season,"supernatural, _supernatural_, dean, season, jensen, ackles, sam, jensen_ackles, convention, watch"
531,318,531_itunes_library_songs_music,"itunes, library, songs, music, deleted, download, file, cds, pc, sorting"
532,315,532_move_moving_moved_movement,"move, moving, moved, movement, delta_goodrem, luck, place, movers, destinymetro, where"
533,314,533_zombie_zombies_zombie_plan_zombieassassin,"zombie, zombies, zombie_plan, zombieassassin, gg_the_undead, dead, zombieninja, nazi, mode, brains"
534,313,534_backstreetboys_bsb_backstreet_boys,"backstreetboys, bsb, backstreet, boys, backstreet_team, ktbspa, 675s8, aj, membership, guys"
539,311,539_internship_intern_interns_internships,"internship, intern, interns, internships, interning, an, unpaid, starting, job, summer"
536,311,536_philly_jersey_philadelphia_nj,"philly, jersey, philadelphia, nj, phil, south, phils, ny, harrisburg, city"
538,311,538_luck_good_thanks_will,"luck, good, thanks, will, eris, markleo82, thank, vordogh, vtkayakfishing, sherry78"
537,311,537_miami_miamii_w4m_miamicounting,"miami, miamii, w4m, miamicounting, mrohboy32, prtyprincess, connid, jessdosil, trip, abigaildsouza"
540,311,540_paramore_doubt_bmore_concert,"paramore, doubt, bmore, concert, yelyahwilliams, undead, misery, itstayloryall, hayley, paramores"
535,311,535_msn_geek_geeky_talk,"msn, geek, geeky, talk, geeks, on, online, offline, chat, hotmail"
541,310,541_text_texting_texted_texts,"text, texting, texted, texts, textin, respond, reply, never, txt, back"
542,309,542_cereal_cereals_bowl_milk,"cereal, cereals, bowl, milk, cinnamon, eating, crunch, trix, eat, toast"
543,309,543_atlanta_georgia_ga_aplusk,"atlanta, georgia, ga, aplusk, shinyminidrake, violetspike, moving, drive, feminineflip, state"
544,306,544_ps3_ps2_playstation_mgs,"ps3, ps2, playstation, mgs, games, 360, xbox, play, psp, ps3attitude"
545,306,545_diversity_flawless_won_win,"diversity, flawless, won, win, deserved, subo, voted, vote, were, glad"
546,305,546_commercial_commercials_aspca_ad,"commercial, commercials, aspca, ad, tv, saw, those, ads, funny, freecreditreport"
547,305,547_jake_nate_caleb_jakes,"jake, nate, caleb, jakes, nates, ty, ethan, frankiethesats, his, he"
548,302,548_app_apps_store_appstore,"app, apps, store, appstore, appstoremod, search, krystynchong, cocoageek, free, downloaded"
550,301,550_goodbye_goodbyes_saying_bye,"goodbye, goodbyes, saying, bye, say, farewell, hardest, hates, byes, hate"
549,301,549_hatton_pacquiao_pacman_manny,"hatton, pacquiao, pacman, manny, fight, mayweather, pac, filipino, boxing, ricky"
551,301,551_alone_home_pap_saturday,"alone, home, pap, saturday, company, house, being, friday, lonely, apartment"
552,300,552_blisters_blister_feet_shoes,"blisters, blister, feet, shoes, foot, toe, ow, toes, finger, walking"
553,298,553_ironing_iron_ironed_irons,"ironing, iron, ironed, irons, pile, shirts, clothes, shirt, flat, washing"
554,297,554_code_coding_codes_jira,"code, coding, codes, jira, programmer, tutorials, programming, joystiq, coder, refactoring"
555,295,555_asot400_asylm_asot_chagall,"asot400, asylm, asot, chagall, armin, snxy, trance, sam, track, trending"
556,295,556_poop_poo_pooped_poopy,"poop, poo, pooped, poopy, poopie, pooping, grossest, poops, feel, jrmynvro"
557,295,557_sister_sis_sisters_miss,"sister, sis, sisters, miss, brother, her, missing, cousins, sissy, cousin"
558,294,558_dj_djs_djing_jammin,"dj, djs, djing, jammin, spinning, djz, decks, fav, spin, gjp"
559,294,559_her_she_wishes_enjoying,"her, she, wishes, enjoying, wishing, work, has, off, busy, sunday"
560,293,560_brownies_brownie_baking_batter,"brownies, brownie, baking, batter, making, made, chocolate, blizzard, recipe, yummy"
561,292,561_bacon_sandwich_butty_buttie,"bacon, sandwich, butty, buttie, butties, turkey, sarnie, baconator, kevin, smell"
562,288,562_review_reviews_reviewed_reviewing,"review, reviews, reviewed, reviewing, critics, yelp, reviewers, write, touch_reviews, geeksofdoom"
563,285,563_mexico_mexican_monterrey_mexicans,"mexico, mexican, monterrey, mexicans, mexicanas, hola, fans, tommcfly, juust, please"
564,285,564_study_studying_studyin_grading,"study, studying, studyin, grading, studied, studies, luck, grade, v11, hard"
565,283,565_snl_fallon_jimmy_jtimberlake,"snl, fallon, jimmy, jtimberlake, jt, watching, farley, funny, poehler, rerun"
566,280,566_rehearsal_rehearsals_dress_production,"rehearsal, rehearsals, dress, production, ebassman, then, youngq, graduation, tonight, headed"
567,278,567_exam_her_exams_maths,"exam, her, exams, maths, she, revision, revising, math, study, english"
571,277,571_she_her_sleep_awake,"she, her, sleep, awake, sleeping, tired, wishes, asleep, bed, wake"
570,277,570_pasta_spaghetti_cooking_meatballs,"pasta, spaghetti, cooking, meatballs, bolognese, eat, sauce, eating, dinner, cook"
569,277,569_kiss_kisses_kissed_kissability,"kiss, kisses, kissed, kissability, kissing, kisscriss, kissmybleep, cheek, kissless, give"
568,277,568_fire_fires_firefighters_firemen,"fire, fires, firefighters, firemen, bonfire, fireman, drill, flames, building, fireproof"
572,276,572_tim_timmy_timidheathen_timtowner,"tim, timmy, timidheathen, timtowner, timtams, timtech, timlovejoy, timmygrunt, tim_butcher, timryancw"
573,275,573_brother_big_housemates_watching,"brother, big, housemates, watching, bb10, noirin, thisisdavina, year, evicted, e4"
575,274,575_sonic_sonics_sonicthrust_hedgehog,"sonic, sonics, sonicthrust, hedgehog, sega, slush, limeade, slushies, youth, sonicfoundation"
574,274,574_popcorn_popcorn44_microwave_movie,"popcorn, popcorn44, microwave, movie, eating, overflowing, myth, buttery, 4iq19, popwatch"
577,274,577_green_greenday_breakdown_century,"green, greenday, breakdown, century, album, 21st, day, enemy, snl, listening"
576,274,576_sinus_sinuses_infection_infections,"sinus, sinuses, infection, infections, sinusitis, headache, pressure, headaches, allergies, yelyahwilliams"
578,273,578_wisdom_teeth_tooth_pulled,"wisdom, teeth, tooth, pulled, pain, removed, growing, mouth, coming, surgery"
579,273,579_physics_exam_revision_revise,"physics, exam, revision, revise, revising, quantum, test, study, final, permadi"
580,273,580_opera_unite_browser_beta,"opera, unite, browser, beta, 10, lkami, firefox, reinvent, operaunite, web"
581,272,581_updates_update_updated_updating,"updates, update, updated, updating, havent, busy, sorry, haven, been, lately"
582,271,582_israel_aviv_tel_beirut,"israel, aviv, tel, beirut, lebanon, jewish, jew, israeli, lebanese, jerusalembureau"
583,271,583_monkey_monkeys_gorilla_apes,"monkey, monkeys, gorilla, apes, tarzan, gorillamonk, anoop, kittenmeow, mr_monkey_man, monkeyca"
585,271,585_andy_andyhurleyday_hamish_rove,"andy, andyhurleyday, hamish, rove, warhol, thisgoeshere, tt, ilkee, andys, pandy"
584,271,584_yawn_yawns_yawning_yawnn,"yawn, yawns, yawning, yawnn, yawned, sleepy, tired, yawwwn, stretch, sleep"
587,269,587_robot_robots_robotpickuplines_robotic,"robot, robots, robotpickuplines, robotic, robotics, turing, chicken, dot, cyborgs, tweenbots"
586,269,586_loss_condolences_sorry_your,"loss, condolences, sorry, your, hear, deepest, sincere, hugs, losses, decor8"
588,269,588_article_articles_newsletter_read,"article, articles, newsletter, read, link, thanks, reading, enjoyed, liked, great"
591,266,591_africa_south_african_kenya,"africa, south, african, kenya, durban, uganda, nairobi, ethiopia, tanzania, kenyan"
589,266,589_amsterdam_rotterdam_netherlands_dutch,"amsterdam, rotterdam, netherlands, dutch, holland, utrecht, leiden, katyperry, groningen, tommcfly"
590,266,590_guy_family_makeover_watching,"guy, family, makeover, watching, extreme, stewie, watchin, edition, macfarlane, seth"
593,264,593_talent_britains_britain_got,"talent, britains, britain, got, final, britians, watching, britans, watch, watchin"
592,264,592_stars_star_shooting_gazing,"stars, star, shooting, gazing, telescope, starlight, wishing, upon, sky, saw"
594,263,594_pirate_pirates_caribbean_piracy,"pirate, pirates, caribbean, piracy, piratesswoop, carribean, bay, pirated, party, swedish"
595,263,595_procrastinating_procrastination_procrastinate_procrastinator,"procrastinating, procrastination, procrastinate, procrastinator, procrastinated, procrastinators, stop, ways, paper, culminating"
596,262,596_justin_timberlake_justins_bieber,"justin, timberlake, justins, bieber, tv, jtimberlake, minibit, megpresident, him, his"
597,261,597_passport_teleport_passports_teleportation,"passport, teleport, passports, teleportation, teleporter, photo, rfid, teleporting, renewed, teleporters"
598,258,598_militarymon_army_troops_house,"militarymon, army, troops, house, room, soldier, military, militarymonday, rooms, soldiers"
601,257,601_dishes_dishwasher_wash_washing,"dishes, dishwasher, wash, washing, plates, cupboard, dish, bare, washin, cupboards"
602,257,602_vegan_vegetarian_veganism_vegetarians,"vegan, vegetarian, veganism, vegetarians, vegetarianism, meat, vegans, food, recipes, greedy_vegan"
599,257,599_ben_bens_big_150th,"ben, bens, big, 150th, ben_hall, he, his, benshephard, lomance, benweekes"
600,257,600_recommendation_check_thanks_recommendations,"recommendation, check, thanks, recommendations, recommending, ll, recommend, out, thank, appreciated"
605,256,605_shoulder_shoulders_pain_hurts,"shoulder, shoulders, pain, hurts, sore, cuff, killing, arm, dislocated, rotator"
604,256,604_pie_pies_rhubarb_apple,"pie, pies, rhubarb, apple, shepards, shepherds, delicious, american, cherry, slice"
603,256,603_beatles_ringo_lennon_band,"beatles, ringo, lennon, band, rock, john, rockband, 09, beatlestweets, beatlesnspurs"
608,255,608_snoring_snore_bite_bugs,"snoring, snore, bite, bugs, bedbugs, snores, tight, bed, let, sleep"
609,255,609_direct_messages_message_reply,"direct, messages, message, reply, send, replies, click, arrow, msg, messaging"
606,255,606_follow_friday_fridays_followers,"follow, friday, fridays, followers, others, follows, almightymoe, reckless_apples, bvqbyz, therealangelena"
607,255,607_chicken_rice_fried_beef,"chicken, rice, fried, beef, meat, stew, curry, dinner, popeyes, pork"
610,254,610_job_hate_free_quit,"job, hate, free, quit, unhappy, frowny, tinyurl, benefits, jobs, new"
612,253,612_jackalltimelow_jack_jackfaulkner_jackgraycnn,"jackalltimelow, jack, jackfaulkner, jackgraycnn, jacks, jackpierce, tha_jacks, jacky_ds, jacky, jacknealy"
613,253,613_dreams_dream_sweet_nite,"dreams, dream, sweet, nite, dreamland, living, true, dreaming, tru, thomashensel"
611,253,611_bored_home_sitting_house,"bored, home, sitting, house, sittin, at, sat, nothing, being, boring"
614,253,614_scary_horror_movies_movie,"scary, horror, movies, movie, scared, films, watch, watching, watched, scariest"
617,252,617_picnic_picnics_park_basket,"picnic, picnics, park, basket, senior, pugneys, hyde, weather, beautiful, sun"
616,252,616_yogurt_yoghurt_frozen_eating,"yogurt, yoghurt, frozen, eating, muller, strawberry, yogurts, yummy, fat, yogurtland"
615,252,615_salad_dressing_salads_caesar,"salad, dressing, salads, caesar, fruit, yummy, eating, pasta, chicken, tomato"
618,251,618_tweet_100th_tweets_200th,"tweet, 100th, tweets, 200th, 500th, 400th, 1000, 1000th, missed, 000"
619,251,619_mikey_mikeyway_mikeywayday_mikeyy,"mikey, mikeyway, mikeywayday, mikeyy, mikey_nw19, mikeymcfly, mikeybouchereau, 5npfq, mikeyhell, mikeymo1741"
620,250,620_hiccups_hickups_hiccup_hicups,"hiccups, hickups, hiccup, hicups, hick, ups, hiccupps, hiccoughs, rid, belching"
623,249,623_amanda_amandapalmer_amandabynes_1qrf,"amanda, amandapalmer, amandabynes, 1qrf, amandacolbert, amandafortier, amandafclark, amandaodt, ustre, amandastewart"
622,249,622_nervous_nervousness_tomorrow_about,"nervous, nervousness, tomorrow, about, wreck, nervouse, nervousss, im, 2moro, nclex"
621,249,621_kevin_kevins_jonas_kevinjonas,"kevin, kevins, jonas, kevinjonas, jonaskevin, danielledeleasa, jonasbrothers, corner, hes, him"
624,248,624_flags_six_flag_flagss,"flags, six, flag, flagss, capture, flagz, butterbeer, american, ka, reyaanaiss"
625,248,625_lambert_adam_kris_allen,"lambert, adam, kris, allen, idol, lamberts, american, adam_lambert, rolling, stone"
626,246,626_squarespace_iphone_trackle_win,"squarespace, iphone, trackle, win, 3gs, gift, an, card, iphones, give"
627,246,627_souljaboytellem_2uhs_soulja_ustre,"souljaboytellem, 2uhs, soulja, ustre, live, gt, boy, souljaboy, followsouljaboytellem, hey"
630,245,630_lottery_lotto_win_ticket,"lottery, lotto, win, ticket, won, winning, euromillions, numbers, million, jackpot"
631,245,631_twitterville_morning_goodnight_nite,"twitterville, morning, goodnight, nite, tweeterville, good, mornin, dreams, sleep, gnite"
628,245,628_bow_bowwow614_bows_3gi1,"bow, bowwow614, bows, 3gi1, officialbowwow, archery, arrows, ustre, wow, bowwow"
629,245,629_fail_failed_failure_failing,"fail, failed, failure, failing, succeed, miserably, resistance, try, epic, tried"
634,243,634_slow_fast_faster_speed,"slow, fast, faster, speed, letters, letter, slower, fastest, steve_oliver76, slowing"
635,243,635_background_twitter_change_backgrounds,"background, twitter, change, backgrounds, image, upload, custom, changed, let, design"
632,243,632_cod_cod4_mw2_warfare,"cod, cod4, mw2, warfare, modern, cod5, duty, waw, crysis, fallout"
633,243,633_burnt_burn_burned_burns,"burnt, burn, burned, burns, burning, crisp, ouch, degree, hurts, aloe"
636,242,636_logo_logos_design_contest,"logo, logos, design, contest, donniewahlberg, finalist, designing, designers, site, designed"
637,242,637_wash_car_washed_carwash,"wash, car, washed, carwash, washing, clean, dirty, cars, cleaning, washes"
638,241,638_ryanseacrest_seacrest_ryan_bachelor,"ryanseacrest, seacrest, ryan, bachelor, kris, host, radio, kobe, fondue, idol"
639,241,639_sheep_goat_goats_lamb,"sheep, goat, goats, lamb, sheeps, counting, lambs, count, sheepy, goatee"
640,240,640_spongebob_squarepants_sponge_bob,"spongebob, squarepants, sponge, bob, watching, spongebobs, watchin, cartoon, pineapple, thespongebob"
641,240,641_club_clubbing_house_clubs,"club, clubbing, house, clubs, plaza, grandparents, cousin, at, parents, hanging"
642,239,642_she_hope_ok_okay,"she, hope, ok, okay, gets, bff, he, better, alright, her"
643,239,643_accent_accents_british_southern,"accent, accents, british, southern, american, aussie, english, australian, austrailian, scottish"
644,237,644_daisies_pushing_abc_episode,"daisies, pushing, abc, episode, episodes, cancelled, kchenoweth, daises, finale, canceled"
645,237,645_marsiscoming_30secondstomars_mars_echelon,"marsiscoming, 30secondstomars, mars, echelon, echelonday, martian, 6q0d4, pato_30stm, announcement, noele6277"
648,236,648_cancer_breast_diagnosed_chemo,"cancer, breast, diagnosed, chemo, sonique, tumor, found, aunt, lung, has"
649,236,649_subway_subways_sandwich_fresh,"subway, subways, sandwich, fresh, eat, lunch, ordering, subwayyy, sub, footlong"
646,236,646_depressed_depression_feeling_reason,"depressed, depression, feeling, reason, depress, sinking, depresed, sad, dejected, suddenly"
647,236,647_karaoke_chorale_choir_singing,"karaoke, chorale, choir, singing, kareoke, karaokeing, bar, kara, sing, halfwelshdragon"
652,235,652_ooc_jean_pierce_fire_flybot__harrykim,"ooc, jean_pierce, fire_flybot, _harrykim, nathanrdotca, blitzscream, orion_girl, belanna_torres, equestrian90, 7_of_nine"
651,235,651_find_found_couldn_cant,"find, found, couldn, cant, p0150n0u5f15h, nope, 19b17i, ithgp, couldnt, it"
650,235,650_trailer_trailers_teaser_looks,"trailer, trailers, teaser, looks, surrogates, watched, seen, saw, movie, nm"
653,234,653_tetris_25th_25_webfl,"tetris, 25th, 25, webfl, google, thumbs, birthday, years, logo, anniversary"
654,234,654_muse_musewire_muses_tickets,"muse, musewire, muses, tickets, november, resistance, dates, tour, sold, o2"
657,232,657_insurance_health_insured_car,"insurance, health, insured, car, pay, policy, premiums, healthcare, company, auto"
656,232,656_sytycd_max_kupono_ashley,"sytycd, max, kupono, ashley, bottom, results, dizzyfeet, missed, adammshankman, tonight"
655,232,655_oprah_herebeforeoprah_show_ashton,"oprah, herebeforeoprah, show, ashton, twitter, brandystrippers, watching, her, inspirational, followers"
658,231,658_breathe_breathing_breath_lungs,"breathe, breathing, breath, lungs, exhale, deep, breaths, breathin, barely, chest"
661,229,661_wrist_wrists_carpal_tunnel,"wrist, wrists, carpal, tunnel, hurts, sprained, carpel, hurt, slitting, pain"
660,229,660_rss_feed_feeds_feedburner,"rss, feed, feeds, feedburner, reader, subscribe, netvibes, google, feedly, pipes"
659,229,659_titanic_watching_movie_trending,"titanic, watching, movie, trending, tnt, jack, dicaprio, leonardo, watched, topic"
662,228,662_shashitharoor_sharin_shalom_shaaqt,"shashitharoor, sharin, shalom, shaaqt, tov, shazamsf, shaggieshapiro, shavua, shabooty, shabbat"
663,228,663_list_lists_approved_mayhemstudios,"list, lists, approved, mayhemstudios, lmw1305, add, shortlist, qualities, compiling, make"
665,228,665_twitpic_com_http_mmitchelldaviss,"twitpic, com, http, mmitchelldaviss, coollike, 7j90p, 4ir70, tewson, knightowl10, cool"
664,228,664_update_software_release_download,"update, software, release, download, os, yet, dev, till, 17th, released"
666,227,666_alyssa_milano_alyssa_alyssanoelled_pony,"alyssa_milano, alyssa, alyssanoelled, pony, embassador, 6slvf, alyssapoppin, dodger, understated, alyssa_day"
667,226,667_seats_seat_row_seating,"seats, seat, row, seating, front, section, rows, seated, amiesc, floor"
668,226,668_bored_talk_someone_nobody,"bored, talk, someone, nobody, chat, online, talkin, anybody, anyone, im"
669,225,669_thesis_dissertation_writing_write,"thesis, dissertation, writing, write, finish, master, submitted, multiplexer, rennt, dissertations"
670,225,670_dm_following_follow_direct,"dm, following, follow, direct, send, aren, tried, message, reply, aaroncarter7"
671,224,671_delicious_recipes_yummy_tasty,"delicious, recipes, yummy, tasty, recipe, sounds, taste, tastes, looks, absolutely"
672,224,672_smiley_emoticons_smileys_emoticon,"smiley, emoticons, smileys, emoticon, face, emoji, faces, winky, use, smiley92"
674,224,674_russian_russia_moscow_russians,"russian, russia, moscow, russians, stalin, kazakhstan, russians_in_uk, russiandiva, soviet, roulette"
673,224,673_barney_dinosaur_jurassic_dinosaurs,"barney, dinosaur, jurassic, dinosaurs, dino, rex, park, dinos, barney21, barneybaby"
675,223,675_magic_dwighthoward_dwight_howard,"magic, dwighthoward, dwight, howard, game, magics, win, orlando, lost, season"
676,222,676_maps_map_google_gps,"maps, map, google, gps, latitude, earth, location, mapping, mapquest, googlemaps"
679,222,679_la_los_angeles_moving,"la, los, angeles, moving, land, 6efxz, live, move, laze, lived"
678,222,678_holiday_holidays_christmas_public,"holiday, holidays, christmas, public, xmas, tommcfly, enjoy, holidaying, 201, nopee"
677,222,677_climb_miley_cyrus_mileycyrus,"climb, miley, cyrus, mileycyrus, climbing, song, singing, listening, view, climber"
682,221,682_dizzy_vertigo_dizziness_feeling,"dizzy, vertigo, dizziness, feeling, spells, feel, dizzyness, sick, headache, meds"
681,221,681_mms_iphone_o2_mm,"mms, iphone, o2, mm, send, 2g, 3g, users, update, yet"
680,221,680_hollyoaks_holly_fountain1987_omnibus,"hollyoaks, holly, fountain1987, omnibus, hollywelch, jamielomas, watching, gutted, warren, xx"
683,220,683_secret_secrets_postsecret_secretagentmama,"secret, secrets, postsecret, secretagentmama, tell, keeping, safe, mafiawarssecret, shizzie, keep"
684,220,684_boobs_boob_breasts_tits,"boobs, boob, breasts, tits, boobies, breast, bra, bigger, implants, big"
685,219,685_teen_choice_nominated_awards,"teen, choice, nominated, awards, vote, nominations, voted, voting, mileycyrus, teenchoiceawards"
686,218,686_140_characters_limit_chars,"140, characters, limit, chars, character, char, limits, letters, than, limited"
687,218,687_neighbors_loud_noise_noises,"neighbors, loud, noise, noises, upstairs, noisy, neighbours, neighbor, door, scary"
688,217,688_vines_lines_times_trying,"vines, lines, times, trying, lvatt, jonasbrothers, buy, stores, comes, cd"
690,216,690_text_texting_texts_textin,"text, texting, texts, textin, miz, someone, me, txting, nobody, people"
689,216,689_mouse_mice_trap_modest,"mouse, mice, trap, modest, traps, mouses, rodent, mighty, mices, mousehunt"
691,216,691_matt_dougie_doug_matthardybrand,"matt, dougie, doug, matthardybrand, matty, tommcfly, mattpro13, mattlike, frankiethesats, matts"
692,215,692_keyboard_keyboards_key_keys,"keyboard, keyboards, key, keys, laptop, ergonomic, qwerty, broke, 4000, spacebar"
694,215,694_rick_rickroll_rolled_ricklondon,"rick, rickroll, rolled, ricklondon, rickrolled, rickeysmiley, big_rick, rickcaffeinated, rickgriffin, ricks"
693,215,693_hike_hiking_mountains_mountain,"hike, hiking, mountains, mountain, runyon, hikes, canyon, trail, mt, rocky"
695,213,695_jordan_jordans_jonathanrknight_him,"jordan, jordans, jonathanrknight, him, tweetheart7, ktsummer, schend, jon, he, jordanknight"
696,213,696_tumblr_com_follow_tumblrs,"tumblr, com, follow, tumblrs, reblogging, reblog, tumblrity, layout, http, asdgklfl"
697,212,697_cops_police_cop_officer,"cops, police, cop, officer, policemen, policeman, policestate, report, robbers, enforcement"
698,212,698_zac_efron_zac_efron_vanessa,"zac, efron, zac_efron, vanessa, zacseif, efrons, gay_emo_zac, 17, nicohiton, zacc"
699,211,699_blogtv_blog_tv_www,"blogtv, blog, tv, www, reemerband, live, kaleb, people, okse, paiige_"
700,211,700_squirrel_squirrels_ran_common_squirrel,"squirrel, squirrels, ran, common_squirrel, killed, dead, squirrelmaster, turbulent, hit, road"
701,211,701_cheer_cheerleading_cheerleader_cheerleaders,"cheer, cheerleading, cheerleader, cheerleaders, cheerio, tryouts, cheering, practice, squad, camp"
702,210,702_studio_studios_lacy_bones_veh,"studio, studios, lacy_bones, veh, bap, renovating, shoot, da, walls, weeknd"
703,210,703_bikini_bathing_swimsuit_suit,"bikini, bathing, swimsuit, suit, suits, bikinis, swimsuits, swim, swimwear, shopping"
704,210,704_sam_sammich_masterchef_poh,"sam, sammich, masterchef, poh, sams, samosas, sammi, sambuka, samo, samus"
705,210,705_mcmahon_ed_rip_died,"mcmahon, ed, rip, died, 86, passed, carson, johnny, sad, search"
706,208,706_big_small_bigger_size,"big, small, bigger, size, penis, huge, large, tiny, larger, smaller"
707,207,707_icon_icons_iconfinder_clipstart,"icon, icons, iconfinder, clipstart, change, lj, use, iemoticons, kob, manton"
708,207,708_they_do_yes_did,"they, do, yes, did, yeah, missblacko, karen_eden, terbear59, indeed, sure"
709,206,709_font_fonts_sans_comic,"font, fonts, sans, comic, helvetica, fontenot619, dafont, size, typography, typeface"
710,206,710_plurk_says_evening_com,"plurk, says, evening, com, http, morning, afternoon, good, night, everyone"
711,205,711_quiz_quizzes_facebook_quizes,"quiz, quizzes, facebook, quizes, pub, fb, answered, answering, took, take"
712,205,712_her_miss_she_misses,"her, miss, she, misses, evelina, gone, already, leaving, much, missed"
713,204,713_anxiety_panic_anxious_attack,"anxiety, panic, anxious, attack, attacks, feeling, panick, panicking, seperation, panickin"
715,204,715_toys_toy_toywatch_new,"toys, toy, toywatch, new, store, kid, kids, woody, shiny, generaltekno"
714,204,714_lvatt_trending_buy_lv,"lvatt, trending, buy, lv, lvtt, topic, midnight, tt, jonasbrothers, pre"
717,203,717_sore_muscles_muscle_gym,"sore, muscles, muscle, gym, soreness, workout, body, gain, pain, ouch"
718,203,718_simple_laugh_follow_if,"simple, laugh, follow, if, its, time, like, good, just, me"
716,203,716_myweakness_chocolate_weaknesses_weakness,"myweakness, chocolate, weaknesses, weakness, shoes, men, boys, bnobonini, mikeywayness, smile"
719,201,719_lilpecan_lilmomz_rudedoodle_lil,"lilpecan, lilmomz, rudedoodle, lil, lil69, lili_reppin_sod, misternoodle, lil126stephy, lilian_c08, lilmsq"
720,201,720_tgif_tgi_fridays_weekend,"tgif, tgi, fridays, weekend, friday, bihtwt, butihavetoworktomorrow, tgifridays, weekends, stss"
721,201,721_seattle_spokane_portland_seattlewillow,"seattle, spokane, portland, seattlewillow, come, spokanead, visit, jasonwebley, tomwitek, shannonpaul"
